,ID,PRED
0,3643,0
1,16036,0
2,9401,0
3,17903,1
4,5198,1
5,28766,0
6,4638,0
7,1487,0
8,20373,0
9,9811,0
10,345,0
11,5975,0
12,3286,0
13,25529,0
14,4421,0
15,23973,0
16,31101,0
17,28737,0
18,13321,0
19,29498,0
20,21002,0
21,21366,0
22,8094,0
23,11782,0
24,13855,0
25,26842,0
26,26065,0
27,26127,0
28,23772,0
29,1616,1
30,16643,0
31,29996,0
32,23274,1
33,16917,0
34,23550,0
35,29490,0
36,4850,0
37,18341,0
38,1530,1
39,28619,0
40,14100,0
41,2201,0
42,3282,0
43,28648,1
44,2507,1
45,14726,0
46,27677,0
47,18598,1
48,9693,0
49,20100,0
50,28793,0
51,28008,1
52,11866,0
53,15418,0
54,2649,1
55,15073,0
56,11655,0
57,19955,0
58,19014,0
59,28236,1
60,6149,0
61,25412,0
62,3068,1
63,9169,0
64,18415,0
65,7759,0
66,9870,0
67,13819,0
68,27539,0
69,15685,0
70,18245,0
71,12113,0
72,25339,0
73,1331,0
74,19195,0
75,29149,0
76,12883,0
77,19640,0
78,8030,0
79,30808,0
80,20623,0
81,9273,1
82,22945,1
83,3899,0
84,12079,0
85,9544,1
86,1923,1
87,17612,0
88,23970,0
89,29234,0
90,7922,0
91,30461,0
92,4032,0
93,27327,0
94,26527,0
95,3578,0
96,15537,0
97,196,0
98,9658,0
99,13114,1
100,18002,0
101,20951,0
102,20410,0
103,20050,0
104,2361,1
105,20295,0
106,11177,0
107,11291,1
108,9176,1
109,29270,1
110,17410,0
111,20353,0
112,30283,0
113,26298,0
114,16089,0
115,6847,1
116,14355,0
117,19587,0
118,3820,0
119,25366,0
120,21879,0
121,25947,0
122,12347,0
123,1837,1
124,15294,0
125,3049,1
126,29343,0
127,5513,0
128,27774,1
129,10013,0
130,4448,0
131,18043,0
132,25243,0
133,13069,0
134,11566,0
135,30062,0
136,6535,0
137,27441,0
138,14200,1
139,20082,0
140,10814,0
141,16506,0
142,28852,0
143,26674,0
144,8557,0
145,31438,0
146,11743,0
147,29221,0
148,13278,0
149,12287,0
150,821,1
151,23768,0
152,31237,0
153,19639,0
154,4903,0
155,28256,0
156,30749,0
157,8687,0
158,12114,1
159,24801,0
160,32296,0
161,15214,0
162,9020,0
163,11505,1
164,3833,0
165,20729,0
166,20414,0
167,21098,0
168,1866,1
169,30464,0
170,27157,0
171,18498,0
172,15278,0
173,18273,0
174,28187,0
175,18669,0
176,14240,1
177,6690,0
178,14770,0
179,32094,0
180,30742,0
181,31601,0
182,28683,0
183,6556,0
184,4667,0
185,29555,0
186,16359,0
187,29164,1
188,19707,0
189,13021,0
190,21743,0
191,28964,0
192,21759,0
193,29213,0
194,27275,0
195,29330,0
196,27387,0
197,23746,0
198,20948,0
199,7558,0
200,22474,0
201,30154,0
202,30598,0
203,29023,1
204,24920,0
205,5601,0
206,18392,0
207,8821,0
208,19401,0
209,20949,1
210,19530,0
211,27130,0
212,19815,0
213,4519,0
214,21453,0
215,4877,1
216,14760,1
217,14741,0
218,3132,0
219,31114,0
220,15614,0
221,2885,1
222,19070,1
223,8373,0
224,4502,0
225,12705,0
226,3353,0
227,22722,0
228,24555,0
229,17574,0
230,14704,0
231,4254,0
232,24575,0
233,12805,1
234,28608,0
235,9285,0
236,12469,0
237,8049,0
238,10883,0
239,28981,0
240,14762,0
241,29321,0
242,2229,1
243,15482,0
244,28438,0
245,21413,0
246,1684,0
247,17723,0
248,26300,0
249,19391,0
250,13040,0
251,25765,0
252,20962,0
253,7552,0
254,5688,1
255,1247,0
256,5551,0
257,6522,0
258,30883,0
259,20630,0
260,17739,1
261,7781,0
262,26835,0
263,3619,0
264,23342,0
265,20138,0
266,18518,0
267,3921,0
268,27046,0
269,25744,1
270,10476,0
271,16291,1
272,14992,0
273,26472,0
274,21066,0
275,11290,0
276,31638,0
277,31948,0
278,20413,0
279,369,1
280,12761,1
281,4168,0
282,31156,0
283,5327,0
284,19912,0
285,14930,0
286,26687,0
287,20599,0
288,24803,0
289,19946,0
290,21501,0
291,24608,0
292,19134,0
293,12291,1
294,24421,0
295,573,0
296,8544,0
297,11489,0
298,16996,0
299,1655,1
300,28526,0
301,14881,0
302,83,0
303,12181,0
304,14767,0
305,16070,0
306,23436,0
307,20404,0
308,23002,0
309,1516,0
310,25157,0
311,23296,0
312,24924,0
313,7289,0
314,4170,0
315,23757,0
316,10369,0
317,16511,0
318,8672,0
319,24932,0
320,28698,1
321,13837,0
322,21024,0
323,17050,0
324,23841,0
325,5467,0
326,31113,0
327,19631,0
328,6863,0
329,14759,0
330,18391,0
331,29085,0
332,3160,1
333,23033,0
334,30328,0
335,28749,0
336,5306,0
337,24550,0
338,20712,0
339,30605,0
340,31699,0
341,7484,0
342,28176,0
343,32123,0
344,28002,0
345,22948,0
346,3592,0
347,9375,0
348,27304,0
349,16041,0
350,13529,0
351,7998,0
352,499,0
353,3184,0
354,31779,0
355,14608,0
356,5026,1
357,6187,0
358,8970,0
359,18092,0
360,222,0
361,16695,0
362,30133,0
363,24197,1
364,28188,0
365,9736,0
366,27770,0
367,8889,0
368,16398,0
369,2876,1
370,14856,0
371,25786,0
372,10700,0
373,22799,0
374,2001,1
375,9251,0
376,17097,0
377,16265,0
378,26639,0
379,20297,0
380,5685,0
381,29479,0
382,7582,0
383,5598,0
384,22681,0
385,16883,0
386,12369,0
387,32154,0
388,16316,0
389,5706,0
390,15840,0
391,24145,0
392,1278,0
393,22676,0
394,3780,0
395,16572,0
396,5929,0
397,15062,0
398,9849,0
399,12036,1
400,23354,0
401,21331,0
402,31141,0
403,15409,0
404,22957,1
405,8051,0
406,14279,0
407,15652,0
408,1281,0
409,408,0
410,14185,1
411,4900,0
412,19948,0
413,5570,0
414,12736,0
415,25691,0
416,1398,0
417,5771,0
418,3725,0
419,6741,0
420,25754,0
421,26669,0
422,2308,1
423,28571,0
424,6237,0
425,31501,0
426,26040,1
427,11863,0
428,3660,0
429,27614,0
430,23511,0
431,23859,0
432,18586,0
433,30684,0
434,31740,1
435,25980,0
436,27484,0
437,1090,0
438,24250,0
439,24500,0
440,5523,0
441,15426,0
442,17891,1
443,16623,0
444,15259,0
445,11068,0
446,15348,0
447,6462,1
448,31847,0
449,6214,0
450,11610,0
451,29271,0
452,13038,0
453,22627,0
454,20513,0
455,24643,0
456,14510,0
457,25021,1
458,27676,0
459,26412,0
460,14224,0
461,18887,0
462,7886,0
463,12073,1
464,19011,0
465,1109,0
466,29876,0
467,30848,1
468,7794,0
469,32106,0
470,15631,0
471,1791,1
472,14085,0
473,22039,0
474,13664,0
475,21106,0
476,29422,0
477,8300,0
478,16624,1
479,14118,0
480,31369,0
481,18110,0
482,19651,0
483,9358,0
484,6438,0
485,17766,0
486,18007,0
487,26602,0
488,11024,1
489,5466,0
490,23016,0
491,6672,1
492,10299,0
493,4341,0
494,4058,0
495,23187,0
496,17328,0
497,2208,0
498,20791,0
499,2798,1
500,8057,0
501,11925,0
502,7100,0
503,2425,1
504,31442,0
505,10351,0
506,22674,1
507,26521,0
508,216,1
509,5006,1
510,17792,0
511,5114,0
512,5814,0
513,15178,1
514,23933,0
515,26821,0
516,8151,0
517,9000,0
518,1427,0
519,16664,0
520,8132,1
521,22058,0
522,10421,0
523,27419,0
524,4689,0
525,10370,0
526,1660,1
527,29132,0
528,25571,0
529,16169,0
530,10285,0
531,2730,1
532,13020,0
533,21072,0
534,21232,0
535,28810,0
536,3703,1
537,23392,0
538,9226,0
539,16834,0
540,11476,0
541,28476,0
542,18022,0
543,22327,0
544,16222,0
545,16752,0
546,20418,0
547,30618,0
548,14127,0
549,5535,0
550,31913,0
551,15478,0
552,32472,0
553,13346,0
554,32261,0
555,17498,0
556,12483,0
557,24341,1
558,24866,0
559,27839,0
560,4419,1
561,13005,0
562,18683,0
563,8141,0
564,23516,0
565,5654,0
566,29532,0
567,8223,0
568,23611,0
569,26899,1
570,11389,1
571,12264,0
572,14921,0
573,15915,0
574,13287,0
575,13484,1
576,2868,1
577,14867,0
578,29306,0
579,18010,0
580,31719,0
581,18728,0
582,8824,0
583,17799,0
584,9138,0
585,4343,0
586,1288,0
587,1912,1
588,10645,1
589,20945,0
590,20591,0
591,17817,0
592,10887,1
593,19712,1
594,29080,0
595,18086,0
596,13098,0
597,12027,0
598,5139,0
599,24200,0
600,7217,0
601,9194,0
602,31449,0
603,27749,1
604,29337,0
605,24988,1
606,11153,0
607,5576,0
608,11097,0
609,3315,0
610,10422,0
611,9872,0
612,26920,0
613,15181,0
614,10981,0
615,21144,0
616,23667,1
617,29137,0
618,7420,0
619,4978,1
620,1456,0
621,19898,0
622,26725,0
623,16937,0
624,22269,0
625,8310,1
626,30338,0
627,5325,0
628,5386,0
629,25015,1
630,31015,0
631,8487,0
632,3398,0
633,9380,0
634,5662,0
635,23653,0
636,15028,0
637,7997,0
638,25855,0
639,24390,0
640,4199,0
641,8651,0
642,13911,0
643,29880,0
644,388,1
645,22540,0
646,8225,0
647,31967,0
648,17299,0
649,24913,0
650,22176,0
651,20359,0
652,13035,0
653,21582,0
654,20290,0
655,7768,0
656,6290,0
657,8723,1
658,23018,1
659,10056,0
660,14040,0
661,24654,0
662,3579,0
663,19082,0
664,32185,0
665,25775,0
666,29925,0
667,22758,0
668,5657,0
669,22632,0
670,12238,0
671,26901,0
672,18212,1
673,28091,0
674,19861,0
675,5864,0
676,21268,0
677,20974,0
678,10989,0
679,23451,0
680,5425,0
681,26095,0
682,8278,0
683,17840,1
684,20270,0
685,14020,0
686,12754,1
687,27370,0
688,22155,0
689,31934,0
690,2647,1
691,22227,0
692,15955,0
693,30138,0
694,24785,0
695,26407,0
696,30715,0
697,4121,0
698,22646,0
699,2497,1
700,18941,0
701,1668,1
702,19435,0
703,23635,1
704,14149,0
705,10091,0
706,19667,0
707,19997,0
708,9998,0
709,28800,0
710,5934,0
711,11052,0
712,1023,0
713,20549,0
714,7278,0
715,22426,0
716,29966,0
717,18995,1
718,31953,0
719,26797,0
720,8267,1
721,22435,0
722,16443,0
723,1786,1
724,17362,0
725,19098,0
726,29742,0
727,25236,1
728,24108,1
729,14202,1
730,24120,0
731,1555,1
732,27161,0
733,29971,0
734,491,0
735,17311,0
736,9298,0
737,31958,0
738,23542,1
739,10300,0
740,29097,0
741,26855,0
742,19681,0
743,14722,0
744,13059,0
745,19050,0
746,27657,1
747,27417,0
748,3705,0
749,12912,0
750,21064,0
751,7947,0
752,26905,1
753,29904,0
754,2900,1
755,24044,0
756,7790,0
757,32170,0
758,6528,0
759,15497,0
760,28589,0
761,31985,0
762,24497,0
763,32105,0
764,23798,0
765,18426,0
766,22053,0
767,31645,0
768,20318,0
769,24834,0
770,14137,0
771,31676,0
772,27830,0
773,31594,0
774,9761,0
775,14911,1
776,15112,0
777,14960,0
778,27678,0
779,24967,0
780,4577,0
781,26608,1
782,22072,0
783,12033,0
784,20395,0
785,15516,0
786,4457,0
787,24287,0
788,6354,0
789,3189,0
790,26886,0
791,23704,0
792,13649,0
793,30147,0
794,27994,0
795,22608,0
796,9541,0
797,15820,0
798,15336,0
799,10491,0
800,27518,0
801,6234,0
802,4985,1
803,23210,0
804,7680,0
805,26820,0
806,27219,0
807,1406,0
808,4450,0
809,3470,0
810,25975,0
811,7136,0
812,4974,0
813,30573,0
814,4461,0
815,11191,0
816,27035,0
817,17635,0
818,9353,0
819,29014,0
820,12584,0
821,23440,0
822,2847,1
823,19633,0
824,26418,0
825,29979,0
826,30443,0
827,7306,0
828,28373,0
829,32250,0
830,28719,0
831,31464,0
832,14724,0
833,21419,0
834,843,1
835,20688,0
836,4981,0
837,26704,0
838,27527,0
839,28019,0
840,30691,0
841,21524,0
842,16687,0
843,28744,0
844,28639,0
845,18605,0
846,14573,1
847,24110,1
848,13608,1
849,27538,0
850,26609,0
851,11444,0
852,9329,0
853,18826,0
854,10261,0
855,31406,1
856,1412,0
857,30230,0
858,21554,0
859,28239,1
860,18204,0
861,18368,0
862,27921,0
863,7665,0
864,8900,0
865,30330,0
866,11305,0
867,31413,1
868,20402,0
869,27033,0
870,17151,0
871,24066,0
872,21721,0
873,14144,1
874,28162,0
875,7468,0
876,27075,0
877,25815,0
878,32064,0
879,14570,0
880,19261,1
881,20461,0
882,8248,0
883,12986,0
884,31593,0
885,18078,0
886,21479,0
887,7261,0
888,2476,1
889,14368,0
890,4513,0
891,4084,0
892,20946,0
893,8932,0
894,6935,0
895,14438,0
896,19739,0
897,25762,0
898,457,1
899,18307,0
900,18774,1
901,7690,0
902,28007,0
903,9831,0
904,10536,0
905,96,1
906,31763,0
907,10898,0
908,15570,0
909,15838,0
910,16785,0
911,5160,0
912,2764,1
913,8925,0
914,4273,0
915,9904,0
916,21841,0
917,28952,0
918,31318,1
919,30226,0
920,6000,0
921,25688,0
922,12749,0
923,32085,0
924,29101,0
925,217,0
926,30800,1
927,19590,1
928,9038,0
929,32247,0
930,12788,0
931,30162,1
932,28988,0
933,9405,0
934,15209,0
935,32475,0
936,21009,0
937,6760,0
938,24402,0
939,9058,0
940,27721,0
941,12384,0
942,1788,1
943,7109,0
944,30348,0
945,32153,0
946,19350,0
947,2726,1
948,625,1
949,18145,0
950,18283,0
951,30168,0
952,14793,0
953,2406,1
954,18132,0
955,30685,0
956,13132,0
957,10925,0
958,12462,0
959,6757,0
960,20160,0
961,15808,0
962,30427,0
963,1520,1
964,11955,0
965,17902,0
966,210,0
967,5464,0
968,11500,0
969,10930,0
970,462,1
971,26915,0
972,16308,0
973,8540,0
974,15677,1
975,27032,0
976,6769,0
977,12214,0
978,12892,0
979,14297,1
980,21377,0
981,31102,1
982,10244,0
983,11000,0
984,30098,0
985,3378,0
986,16383,0
987,32309,0
988,890,1
989,18912,0
990,13487,0
991,25900,0
992,8196,0
993,21474,0
994,28075,0
995,21537,0
996,5879,0
997,27553,0
998,3798,0
999,4751,0
1000,6879,0
1001,19204,0
1002,14105,0
1003,17592,0
1004,20798,0
1005,30051,0
1006,31099,0
1007,14857,0
1008,24549,0
1009,18551,0
1010,23430,0
1011,13486,0
1012,8908,0
1013,16839,0
1014,23898,0
1015,8653,0
1016,4744,0
1017,9426,0
1018,30639,0
1019,8658,1
1020,2240,1
1021,6726,0
1022,21433,0
1023,655,1
1024,12086,0
1025,27030,0
1026,22485,0
1027,9161,0
1028,12484,1
1029,10328,1
1030,19761,0
1031,23784,0
1032,28285,0
1033,32434,0
1034,12704,0
1035,16000,0
1036,2518,1
1037,32242,0
1038,18871,0
1039,20188,1
1040,25869,0
1041,14564,0
1042,29390,1
1043,11961,0
1044,19295,0
1045,27806,0
1046,2554,1
1047,13914,1
1048,18695,0
1049,15937,0
1050,26244,0
1051,24220,0
1052,4335,0
1053,17398,0
1054,16238,0
1055,624,0
1056,13060,0
1057,19002,0
1058,28617,0
1059,15694,1
1060,7251,0
1061,13480,0
1062,9188,0
1063,20278,1
1064,25012,0
1065,30369,0
1066,2893,1
1067,29162,0
1068,22279,0
1069,6362,0
1070,10563,0
1071,16882,0
1072,26904,0
1073,16734,0
1074,8188,0
1075,30630,0
1076,7696,0
1077,28786,0
1078,27946,0
1079,13423,0
1080,27428,0
1081,21747,0
1082,9500,0
1083,28669,0
1084,3507,0
1085,10958,0
1086,15204,0
1087,26817,0
1088,8874,0
1089,14652,0
1090,22756,0
1091,6366,0
1092,25915,1
1093,762,1
1094,14740,0
1095,16675,0
1096,32363,0
1097,2383,1
1098,27801,0
1099,9598,0
1100,29078,0
1101,29056,0
1102,8647,0
1103,26478,0
1104,32418,0
1105,8513,0
1106,9573,1
1107,18508,0
1108,30556,0
1109,31606,0
1110,25929,0
1111,16368,0
1112,18505,0
1113,14170,0
1114,18075,0
1115,14117,0
1116,4449,0
1117,14353,0
1118,22605,0
1119,9006,0
1120,9626,1
1121,10628,0
1122,14233,1
1123,29381,0
1124,5172,0
1125,3835,0
1126,29845,0
1127,5953,0
1128,9875,0
1129,3752,0
1130,24651,1
1131,26308,0
1132,10405,0
1133,1255,0
1134,8862,0
1135,11129,1
1136,17637,0
1137,1291,0
1138,5337,0
1139,24187,0
1140,29153,0
1141,26570,0
1142,19866,0
1143,10823,0
1144,8387,0
1145,5384,0
1146,10333,0
1147,17409,1
1148,29931,1
1149,12492,0
1150,25488,0
1151,1731,1
1152,17036,0
1153,22595,0
1154,15075,0
1155,14023,0
1156,896,0
1157,15196,0
1158,6268,0
1159,30612,1
1160,21967,0
1161,3387,0
1162,25568,0
1163,29315,0
1164,29780,0
1165,19180,0
1166,11804,0
1167,20485,0
1168,19524,0
1169,22289,0
1170,928,0
1171,24291,0
1172,1959,1
1173,465,1
1174,21124,0
1175,17933,0
1176,18314,0
1177,18523,0
1178,21028,0
1179,28923,0
1180,21276,0
1181,20165,0
1182,7581,1
1183,19695,0
1184,25494,0
1185,3673,0
1186,16481,0
1187,23691,0
1188,9093,0
1189,3122,0
1190,15263,0
1191,31053,1
1192,6442,0
1193,3910,0
1194,1377,0
1195,21391,0
1196,20883,0
1197,24792,0
1198,18840,0
1199,3263,0
1200,26178,0
1201,26682,0
1202,8518,1
1203,18447,0
1204,6529,0
1205,21952,0
1206,21965,0
1207,27385,0
1208,18137,0
1209,20686,0
1210,6526,0
1211,15720,0
1212,1043,0
1213,7223,0
1214,31214,0
1215,20575,0
1216,3916,0
1217,23385,0
1218,21070,0
1219,5201,1
1220,9485,0
1221,243,0
1222,26173,0
1223,13531,0
1224,27015,0
1225,2842,1
1226,24010,0
1227,6551,0
1228,21570,0
1229,22244,0
1230,10882,0
1231,31381,0
1232,26633,0
1233,15561,0
1234,14913,0
1235,30939,0
1236,18929,0
1237,6534,0
1238,26181,0
1239,13130,0
1240,18620,0
1241,27074,0
1242,29758,0
1243,2791,1
1244,1188,0
1245,6188,0
1246,6483,0
1247,6914,0
1248,23448,0
1249,8692,0
1250,6390,0
1251,5732,0
1252,4636,0
1253,8292,0
1254,25594,1
1255,27017,0
1256,18717,0
1257,428,1
1258,24874,0
1259,4679,0
1260,1337,0
1261,1588,1
1262,8622,0
1263,4209,0
1264,25835,0
1265,11808,0
1266,10454,0
1267,23201,0
1268,27987,0
1269,16247,0
1270,2536,1
1271,4229,0
1272,23528,0
1273,11119,0
1274,13922,0
1275,6392,0
1276,8993,0
1277,18702,0
1278,17900,0
1279,31286,1
1280,6253,0
1281,22969,0
1282,24175,0
1283,24705,0
1284,11993,0
1285,18390,1
1286,31791,0
1287,3396,0
1288,30668,0
1289,23316,0
1290,18018,0
1291,31134,0
1292,7650,0
1293,12081,1
1294,15362,0
1295,22639,0
1296,10581,0
1297,9301,0
1298,6758,0
1299,18006,0
1300,27323,1
1301,1122,0
1302,10381,0
1303,7427,0
1304,733,0
1305,23227,0
1306,19452,1
1307,4915,0
1308,10296,0
1309,26869,0
1310,725,0
1311,21060,0
1312,13899,0
1313,19749,0
1314,14528,0
1315,20089,0
1316,17452,0
1317,10154,0
1318,31509,0
1319,13504,1
1320,13471,0
1321,9061,0
1322,29048,0
1323,25374,0
1324,9936,0
1325,28815,0
1326,24973,0
1327,32124,0
1328,31145,0
1329,7330,0
1330,266,0
1331,8153,0
1332,28103,0
1333,4148,0
1334,29994,0
1335,21297,0
1336,27497,0
1337,30140,0
1338,29008,0
1339,20196,0
1340,6011,0
1341,19202,0
1342,28395,0
1343,9242,0
1344,13658,0
1345,29869,0
1346,30475,0
1347,28725,0
1348,3096,1
1349,17550,0
1350,25456,0
1351,7653,0
1352,16786,0
1353,28336,0
1354,22503,0
1355,32182,0
1356,5144,0
1357,10229,1
1358,729,0
1359,10993,1
1360,10228,1
1361,5485,1
1362,9767,0
1363,18732,1
1364,26449,0
1365,28700,0
1366,1092,0
1367,11773,0
1368,18226,0
1369,2213,0
1370,28350,0
1371,10430,0
1372,3847,0
1373,19519,1
1374,13225,0
1375,26139,0
1376,7229,0
1377,17103,1
1378,2129,1
1379,2231,1
1380,4639,0
1381,6689,0
1382,15875,0
1383,29709,1
1384,22992,1
1385,30683,0
1386,9728,1
1387,31983,1
1388,4902,0
1389,3031,1
1390,18979,0
1391,9932,0
1392,13625,0
1393,24773,0
1394,12573,0
1395,2856,1
1396,4528,0
1397,8416,0
1398,22835,0
1399,12104,0
1400,26578,0
1401,2884,1
1402,4813,0
1403,24624,1
1404,28546,0
1405,16185,0
1406,25336,0
1407,25288,0
1408,2638,1
1409,4080,0
1410,19036,0
1411,873,1
1412,3639,0
1413,2564,1
1414,19688,1
1415,3874,0
1416,27926,0
1417,26995,0
1418,31770,0
1419,4991,0
1420,17236,0
1421,273,0
1422,1330,1
1423,11578,0
1424,28877,0
1425,22976,0
1426,29787,0
1427,12917,0
1428,12035,1
1429,423,1
1430,10696,0
1431,11188,1
1432,6745,0
1433,16128,0
1434,26627,0
1435,32037,1
1436,17426,0
1437,1298,0
1438,13252,0
1439,11028,0
1440,2960,1
1441,7885,0
1442,26100,0
1443,11204,0
1444,11710,0
1445,29086,0
1446,2168,1
1447,9366,0
1448,14736,0
1449,9091,0
1450,16973,0
1451,19644,1
1452,27725,0
1453,10890,0
1454,6656,0
1455,5679,0
1456,24309,0
1457,10231,1
1458,19148,0
1459,6620,0
1460,12263,0
1461,24165,0
1462,7221,0
1463,2286,1
1464,996,0
1465,32444,1
1466,7652,0
1467,23340,0
1468,31987,0
1469,14920,0
1470,1339,0
1471,5676,0
1472,4556,0
1473,5511,0
1474,28302,0
1475,26692,0
1476,31131,0
1477,27937,0
1478,25082,0
1479,12783,0
1480,2540,1
1481,24828,0
1482,9747,0
1483,16286,0
1484,12610,0
1485,29628,0
1486,850,0
1487,24021,0
1488,1815,1
1489,14229,0
1490,22487,0
1491,28506,0
1492,23774,0
1493,25222,0
1494,4227,0
1495,23720,0
1496,11943,0
1497,29491,0
1498,18189,0
1499,7912,0
1500,28275,1
1501,15491,0
1502,26196,1
1503,14938,0
1504,9985,0
1505,23519,0
1506,20770,0
1507,28601,0
1508,9555,0
1509,8986,0
1510,31180,0
1511,10572,0
1512,12964,0
1513,16515,0
1514,27119,0
1515,15554,0
1516,17531,0
1517,21012,0
1518,27110,0
1519,9189,0
1520,7579,0
1521,8525,0
1522,27893,0
1523,29477,0
1524,9975,0
1525,6916,1
1526,12535,0
1527,20458,0
1528,24590,1
1529,6725,1
1530,17090,0
1531,15757,0
1532,23490,0
1533,2331,0
1534,32222,0
1535,26667,0
1536,29735,0
1537,25524,0
1538,15144,1
1539,10943,0
1540,3792,0
1541,14014,0
1542,28264,0
1543,26025,0
1544,22321,0
1545,13052,0
1546,5727,0
1547,29730,0
1548,2095,1
1549,6248,0
1550,14910,0
1551,1227,0
1552,27389,0
1553,25814,0
1554,31386,0
1555,12471,0
1556,26946,0
1557,3219,0
1558,7249,0
1559,25282,1
1560,11405,0
1561,18703,0
1562,4384,0
1563,31705,0
1564,21319,0
1565,21250,0
1566,26565,0
1567,26544,1
1568,28442,0
1569,11114,0
1570,6223,0
1571,3383,1
1572,1981,1
1573,2772,1
1574,21761,1
1575,4982,0
1576,21668,0
1577,23208,0
1578,10493,0
1579,17588,0
1580,359,1
1581,27038,0
1582,12195,0
1583,25290,0
1584,21423,1
1585,26299,0
1586,12527,0
1587,14909,0
1588,15667,0
1589,20577,0
1590,12981,0
1591,1385,0
1592,4534,0
1593,25079,0
1594,2973,1
1595,25990,0
1596,11822,0
1597,8137,0
1598,5282,0
1599,22833,0
1600,21882,0
1601,11466,0
1602,1328,0
1603,13062,0
1604,25871,0
1605,11582,0
1606,11764,0
1607,16413,0
1608,16794,0
1609,5070,0
1610,14840,0
1611,22995,1
1612,30021,0
1613,15306,0
1614,29070,0
1615,14128,0
1616,10515,0
1617,11462,0
1618,31325,0
1619,4969,0
1620,1441,0
1621,2616,1
1622,19864,0
1623,26343,0
1624,7406,0
1625,13679,0
1626,16716,0
1627,19954,1
1628,9201,0
1629,9575,0
1630,1510,0
1631,25490,0
1632,13143,0
1633,8293,0
1634,26793,0
1635,12724,0
1636,17899,1
1637,27214,0
1638,10525,0
1639,25037,0
1640,25526,0
1641,10180,0
1642,2320,1
1643,16166,0
1644,28997,0
1645,16119,0
1646,20055,0
1647,25065,0
1648,28924,0
1649,23923,0
1650,24998,0
1651,19293,0
1652,6788,1
1653,19564,0
1654,7708,0
1655,9567,0
1656,17714,0
1657,2153,0
1658,27198,0
1659,9040,0
1660,23313,0
1661,29500,0
1662,4817,0
1663,12654,0
1664,30496,0
1665,21931,1
1666,6746,0
1667,5770,0
1668,3115,0
1669,3397,1
1670,26828,0
1671,27406,0
1672,27431,0
1673,9733,0
1674,31122,0
1675,11775,0
1676,4410,0
1677,5222,0
1678,12876,1
1679,2140,1
1680,18317,0
1681,15900,0
1682,2265,1
1683,31477,0
1684,31498,0
1685,20737,0
1686,17444,0
1687,23107,0
1688,10356,0
1689,29191,0
1690,2464,1
1691,30086,0
1692,23657,0
1693,21112,0
1694,16872,0
1695,16926,1
1696,27757,0
1697,24273,0
1698,3601,0
1699,8834,0
1700,23783,0
1701,31771,0
1702,20193,0
1703,24625,1
1704,7228,1
1705,578,1
1706,8931,0
1707,30137,0
1708,6906,0
1709,15091,0
1710,13539,1
1711,21805,0
1712,8295,0
1713,26620,0
1714,5604,0
1715,8231,0
1716,26763,0
1717,30699,1
1718,12554,0
1719,3000,1
1720,13197,0
1721,8943,0
1722,18585,0
1723,19390,1
1724,30915,1
1725,10739,0
1726,23297,0
1727,5226,1
1728,15755,0
1729,16324,0
1730,6508,0
1731,1318,0
1732,31933,0
1733,17335,0
1734,21036,0
1735,22245,0
1736,25202,0
1737,23054,0
1738,14976,0
1739,6865,0
1740,3268,0
1741,21610,0
1742,22342,0
1743,22637,1
1744,31789,0
1745,25905,0
1746,5545,0
1747,17668,0
1748,6632,0
1749,12528,0
1750,13236,0
1751,23461,0
1752,28591,0
1753,7602,0
1754,25295,0
1755,29350,0
1756,17367,0
1757,32394,0
1758,7976,0
1759,14059,0
1760,30622,0
1761,2710,1
1762,23917,0
1763,6494,0
1764,21449,0
1765,279,0
1766,7033,0
1767,10919,0
1768,18471,0
1769,7301,0
1770,6395,0
1771,2344,0
1772,23673,0
1773,22514,0
1774,31828,0
1775,29610,0
1776,18134,0
1777,25378,0
1778,13852,0
1779,11607,0
1780,31563,0
1781,29166,0
1782,20532,0
1783,8079,0
1784,12215,0
1785,10398,0
1786,24404,0
1787,25899,1
1788,26648,1
1789,8879,0
1790,4160,0
1791,19197,1
1792,278,1
1793,8602,1
1794,22775,1
1795,9022,0
1796,24741,0
1797,736,1
1798,10519,0
1799,26481,0
1800,5186,1
1801,9284,0
1802,32164,0
1803,5215,1
1804,31343,0
1805,19306,0
1806,12885,0
1807,6872,0
1808,15498,0
1809,13624,0
1810,2034,1
1811,936,0
1812,28135,0
1813,1197,0
1814,30559,0
1815,32158,0
1816,22231,0
1817,9248,0
1818,15227,0
1819,21393,0
1820,21958,0
1821,5148,0
1822,11876,0
1823,24424,0
1824,16248,0
1825,19044,0
1826,28049,0
1827,30386,0
1828,8227,1
1829,8025,0
1830,27588,0
1831,5665,0
1832,18041,1
1833,3901,0
1834,790,0
1835,11794,0
1836,18527,0
1837,28301,0
1838,24328,0
1839,19040,1
1840,26047,0
1841,5777,0
1842,6119,0
1843,21224,0
1844,22146,0
1845,25417,0
1846,9779,1
1847,11032,0
1848,14982,0
1849,8786,0
1850,7327,0
1851,31055,0
1852,17468,0
1853,11127,0
1854,30948,0
1855,2879,1
1856,4771,0
1857,3105,0
1858,250,0
1859,17527,0
1860,10035,1
1861,17895,0
1862,4762,0
1863,31998,0
1864,21864,0
1865,900,0
1866,16426,0
1867,24369,0
1868,8324,0
1869,14773,0
1870,2527,1
1871,21080,0
1872,13094,1
1873,31368,0
1874,330,0
1875,29579,0
1876,27498,0
1877,22351,0
1878,10089,1
1879,13198,0
1880,31175,1
1881,20490,1
1882,11551,0
1883,6531,0
1884,24128,0
1885,5436,0
1886,24662,0
1887,20592,0
1888,8054,0
1889,3946,0
1890,29907,0
1891,1650,1
1892,4413,0
1893,26457,1
1894,29275,0
1895,31928,0
1896,19461,0
1897,32381,0
1898,28948,0
1899,18264,0
1900,20198,0
1901,14784,0
1902,430,1
1903,19079,0
1904,10162,0
1905,11307,0
1906,18853,0
1907,5227,0
1908,32003,0
1909,10090,0
1910,13144,0
1911,18654,0
1912,17734,0
1913,2683,1
1914,11029,0
1915,505,0
1916,12609,0
1917,32156,1
1918,20703,0
1919,28437,1
1920,10429,0
1921,1610,1
1922,6455,0
1923,27048,0
1924,26626,0
1925,10512,0
1926,22196,0
1927,22809,0
1928,3789,0
1929,1243,0
1930,17666,0
1931,10424,0
1932,5286,0
1933,29462,0
1934,26296,0
1935,13792,0
1936,17914,0
1937,15260,0
1938,14293,0
1939,18318,0
1940,3931,0
1941,18472,0
1942,22242,0
1943,21051,0
1944,20077,0
1945,4186,0
1946,30042,0
1947,3776,0
1948,21528,0
1949,14625,0
1950,7628,0
1951,20747,0
1952,11792,0
1953,31116,0
1954,4579,0
1955,18634,0
1956,4707,0
1957,17954,0
1958,19919,0
1959,8247,0
1960,25726,0
1961,22521,0
1962,6478,0
1963,20036,0
1964,11117,0
1965,31396,0
1966,14418,0
1967,12759,0
1968,11072,0
1969,28088,0
1970,29501,0
1971,19271,0
1972,24907,1
1973,21193,0
1974,3813,0
1975,20894,0
1976,9653,0
1977,29024,0
1978,20261,0
1979,23304,0
1980,11067,0
1981,29001,0
1982,18305,1
1983,6580,0
1984,30209,0
1985,29995,1
1986,2119,1
1987,30090,0
1988,31296,0
1989,11598,0
1990,5135,0
1991,18531,0
1992,8575,1
1993,3125,0
1994,14980,0
1995,11693,0
1996,28830,0
1997,31193,0
1998,5138,0
1999,7505,0
2000,5157,0
2001,19844,0
2002,16073,0
2003,13602,0
2004,26514,1
2005,3013,1
2006,10193,0
2007,29560,0
2008,742,0
2009,1118,0
2010,26764,0
2011,30357,0
2012,28325,0
2013,13387,0
2014,13725,0
2015,29959,0
2016,31531,0
2017,8500,0
2018,12836,0
2019,13459,0
2020,22531,0
2021,32378,0
2022,8892,0
2023,28767,0
2024,4716,0
2025,19319,0
2026,3469,1
2027,12346,0
2028,15382,1
2029,585,1
2030,21979,0
2031,32246,0
2032,16342,1
2033,3923,1
2034,20859,0
2035,15952,0
2036,23361,0
2037,13903,0
2038,6547,0
2039,21286,0
2040,13271,0
2041,10311,0
2042,2858,1
2043,20938,0
2044,25371,0
2045,3697,0
2046,28062,0
2047,27158,0
2048,16188,0
2049,14169,0
2050,29113,0
2051,6377,0
2052,3113,0
2053,26082,0
2054,214,0
2055,21686,0
2056,18069,0
2057,1664,1
2058,19976,0
2059,7907,1
2060,22038,1
2061,8180,0
2062,17581,0
2063,22695,0
2064,17604,0
2065,5394,0
2066,15785,0
2067,31201,0
2068,532,0
2069,30182,1
2070,23397,0
2071,7525,0
2072,10175,0
2073,4772,0
2074,15825,1
2075,26659,0
2076,4047,0
2077,2848,1
2078,16181,0
2079,22397,0
2080,12733,0
2081,8398,0
2082,4237,1
2083,29681,0
2084,28690,0
2085,30524,1
2086,4645,0
2087,8242,0
2088,10509,0
2089,22006,0
2090,18152,0
2091,27378,0
2092,20126,0
2093,8674,0
2094,28298,1
2095,2275,0
2096,980,1
2097,5456,1
2098,18757,1
2099,4181,0
2100,5584,0
2101,19449,0
2102,6498,0
2103,27838,0
2104,27437,0
2105,25681,0
2106,17445,0
2107,29394,0
2108,31194,0
2109,26135,0
2110,23130,0
2111,25073,0
2112,11827,1
2113,1426,0
2114,15139,0
2115,32025,0
2116,14845,1
2117,21773,1
2118,31940,0
2119,12362,0
2120,18805,0
2121,12778,0
2122,11178,1
2123,401,1
2124,30490,0
2125,8476,0
2126,22643,0
2127,31280,0
2128,12868,0
2129,6052,0
2130,26671,0
2131,10427,0
2132,13340,0
2133,11701,0
2134,10342,0
2135,1723,1
2136,6319,0
2137,10579,0
2138,7667,0
2139,4280,0
2140,3964,1
2141,3246,0
2142,31892,0
2143,22730,0
2144,6235,0
2145,19066,0
2146,4738,0
2147,15621,0
2148,27463,0
2149,30467,0
2150,621,0
2151,15938,0
2152,16739,0
2153,25377,0
2154,3427,0
2155,24488,1
2156,22310,0
2157,32414,1
2158,24587,0
2159,9003,0
2160,16728,0
2161,25014,0
2162,25224,0
2163,3517,0
2164,26598,0
2165,18817,0
2166,9214,0
2167,30627,0
2168,22451,0
2169,14632,0
2170,251,1
2171,10992,1
2172,30817,0
2173,31278,0
2174,26758,0
2175,24490,0
2176,26897,1
2177,6552,0
2178,17651,1
2179,21531,0
2180,34,0
2181,14545,0
2182,22694,0
2183,17237,0
2184,17672,0
2185,4589,0
2186,28328,1
2187,18476,1
2188,16451,0
2189,21231,0
2190,29924,0
2191,2004,1
2192,22638,0
2193,28857,0
2194,12530,0
2195,4742,0
2196,12124,0
2197,26324,0
2198,23517,0
2199,4851,0
2200,13941,0
2201,4200,0
2202,9606,0
2203,4400,0
2204,6418,0
2205,11900,0
2206,3053,1
2207,27109,0
2208,5005,0
2209,12477,0
2210,20983,0
2211,30868,0
2212,20989,0
2213,20253,0
2214,15191,0
2215,18468,0
2216,24426,0
2217,19441,0
2218,12461,0
2219,28129,0
2220,747,1
2221,21742,0
2222,20886,0
2223,16560,0
2224,28566,0
2225,29727,0
2226,1921,1
2227,19685,1
2228,26986,1
2229,17226,0
2230,24750,1
2231,13053,0
2232,13326,0
2233,30787,0
2234,17233,0
2235,18208,0
2236,2980,1
2237,30333,0
2238,14311,1
2239,22160,0
2240,3382,0
2241,19970,0
2242,17777,0
2243,27807,0
2244,5824,0
2245,12513,0
2246,26310,0
2247,9149,0
2248,28970,0
2249,20624,0
2250,30532,0
2251,7405,0
2252,6730,0
2253,9124,0
2254,31577,0
2255,23739,0
2256,6646,0
2257,16780,0
2258,24362,0
2259,1226,0
2260,21196,0
2261,25660,0
2262,23343,0
2263,10192,0
2264,19636,0
2265,10676,0
2266,1635,1
2267,19407,0
2268,24754,0
2269,21860,0
2270,13432,1
2271,4993,0
2272,3154,0
2273,25984,0
2274,29450,0
2275,29040,0
2276,1715,1
2277,21649,0
2278,2874,1
2279,15643,0
2280,26968,0
2281,9668,0
2282,4344,0
2283,32133,0
2284,29558,0
2285,20892,1
2286,9315,0
2287,24221,0
2288,24621,0
2289,795,1
2290,4405,0
2291,15951,0
2292,29180,0
2293,12283,0
2294,27452,0
2295,18946,0
2296,3402,0
2297,31021,0
2298,3905,0
2299,8184,0
2300,22306,0
2301,1078,0
2302,3386,0
2303,24040,0
2304,7578,0
2305,1758,1
2306,18682,0
2307,10557,1
2308,20512,0
2309,30732,1
2310,971,0
2311,31846,0
2312,3806,0
2313,19677,0
2314,1536,1
2315,14825,0
2316,18529,0
2317,28531,0
2318,15789,0
2319,26508,0
2320,10272,0
2321,31909,0
2322,2805,1
2323,20846,0
2324,516,0
2325,14525,1
2326,18616,1
2327,21529,0
2328,20370,0
2329,4540,0
2330,12110,0
2331,10217,0
2332,15692,0
2333,7760,0
2334,6870,0
2335,22748,1
2336,10765,0
2337,12560,0
2338,32012,0
2339,1968,1
2340,17067,0
2341,26266,0
2342,12037,0
2343,10092,0
2344,10329,0
2345,28106,0
2346,24744,0
2347,13291,0
2348,19803,0
2349,30127,0
2350,19398,0
2351,31399,0
2352,14808,0
2353,2388,1
2354,18049,0
2355,5348,0
2356,31973,0
2357,30810,0
2358,14183,0
2359,19084,0
2360,16147,0
2361,10697,0
2362,23407,0
2363,10594,0
2364,12326,0
2365,31444,0
2366,10022,0
2367,2276,1
2368,28419,1
2369,4884,0
2370,20347,0
2371,3298,0
2372,23502,0
2373,18191,0
2374,8218,0
2375,19884,0
2376,6399,0
2377,7231,0
2378,9791,0
2379,18958,0
2380,13783,0
2381,12082,0
2382,1433,0
2383,32433,0
2384,12377,0
2385,3193,0
2386,7627,0
2387,31153,1
2388,25633,0
2389,10610,0
2390,2141,1
2391,19278,0
2392,6887,0
2393,15035,1
2394,29760,0
2395,5853,0
2396,2174,0
2397,16541,0
2398,3690,0
2399,22369,0
2400,2744,1
2401,6965,1
2402,12285,1
2403,27382,0
2404,12620,0
2405,7978,0
2406,16501,0
2407,28494,0
2408,6453,0
2409,14649,0
2410,12524,0
2411,16242,0
2412,1889,1
2413,29677,0
2414,23476,0
2415,30142,0
2416,11816,0
2417,8281,0
2418,11674,0
2419,12826,0
2420,538,1
2421,22829,0
2422,27401,1
2423,12292,0
2424,6014,0
2425,16827,0
2426,7916,0
2427,15289,0
2428,18760,0
2429,9570,0
2430,9384,0
2431,16277,1
2432,25612,0
2433,13488,0
2434,6815,0
2435,10019,0
2436,30503,0
2437,21122,0
2438,24243,0
2439,28432,0
2440,31581,0
2441,13220,0
2442,25194,0
2443,16362,0
2444,27371,0
2445,1598,1
2446,19163,0
2447,15212,0
2448,12277,1
2449,14303,0
2450,1710,1
2451,6289,0
2452,10012,0
2453,26773,0
2454,4235,1
2455,29981,1
2456,31123,0
2457,28809,0
2458,25381,0
2459,14535,0
2460,23129,0
2461,3014,1
2462,11288,0
2463,14575,0
2464,28278,0
2465,32208,0
2466,2622,1
2467,23311,0
2468,27352,0
2469,23813,0
2470,22563,0
2471,24758,1
2472,2266,0
2473,7932,0
2474,8426,0
2475,12810,1
2476,27144,1
2477,8197,0
2478,32333,0
2479,27758,1
2480,2903,1
2481,14710,0
2482,3662,1
2483,24367,0
2484,28662,0
2485,2157,1
2486,579,1
2487,17191,0
2488,17314,0
2489,12593,0
2490,3843,0
2491,21706,0
2492,8362,0
2493,4347,1
2494,2715,1
2495,27970,0
2496,15873,0
2497,7850,0
2498,16367,0
2499,22332,0
2500,7748,0
2501,18461,0
2502,18909,0
2503,16897,0
2504,19697,0
2505,4219,0
2506,6367,0
2507,24742,1
2508,3710,0
2509,19376,0
2510,6070,0
2511,15829,0
2512,705,1
2513,13048,0
2514,12223,1
2515,11832,0
2516,28649,1
2517,8374,1
2518,31997,0
2519,25686,0
2520,14672,0
2521,20149,0
2522,30651,0
2523,2532,1
2524,14602,0
2525,25889,0
2526,18957,0
2527,5472,0
2528,17813,0
2529,16518,0
2530,8191,0
2531,29566,1
2532,20201,0
2533,28846,0
2534,1113,0
2535,22980,0
2536,15095,0
2537,31007,0
2538,20621,0
2539,10953,0
2540,23133,0
2541,30387,0
2542,19443,0
2543,1719,1
2544,31284,1
2545,7431,0
2546,16233,0
2547,23198,0
2548,12758,0
2549,15296,0
2550,5561,0
2551,23837,0
2552,11526,0
2553,27041,0
2554,7514,0
2555,14459,0
2556,29039,0
2557,14446,0
2558,8480,1
2559,31707,0
2560,8344,0
2561,28455,0
2562,880,0
2563,16914,1
2564,28267,0
2565,6876,0
2566,11811,0
2567,15506,1
2568,1246,0
2569,27277,0
2570,6373,0
2571,9857,0
2572,21102,0
2573,11513,0
2574,13985,0
2575,25773,0
2576,18839,0
2577,9328,1
2578,24700,0
2579,22739,0
2580,16783,0
2581,18216,0
2582,23302,0
2583,16868,0
2584,2754,1
2585,22716,0
2586,3208,0
2587,29303,0
2588,16253,0
2589,6635,0
2590,12361,0
2591,4372,0
2592,29918,0
2593,7839,0
2594,22345,0
2595,2678,1
2596,32341,0
2597,644,0
2598,22633,0
2599,16187,0
2600,6933,0
2601,3508,0
2602,16792,0
2603,21748,0
2604,32251,0
2605,18801,0
2606,21480,0
2607,11229,0
2608,3732,0
2609,22291,0
2610,8617,1
2611,19608,0
2612,6145,0
2613,16810,0
2614,18615,0
2615,738,1
2616,19972,1
2617,13617,0
2618,15647,0
2619,6164,0
2620,173,0
2621,22937,1
2622,18418,0
2623,5034,0
2624,4120,0
2625,19802,0
2626,9222,0
2627,10388,0
2628,11903,0
2629,14778,0
2630,21123,0
2631,22043,0
2632,27748,1
2633,16551,0
2634,16349,0
2635,29820,0
2636,21724,0
2637,12821,0
2638,12402,0
2639,3876,0
2640,22021,0
2641,28148,0
2642,18933,0
2643,26251,1
2644,16004,0
2645,18016,0
2646,19302,0
2647,29108,0
2648,11018,1
2649,17968,1
2650,16908,1
2651,2111,1
2652,10853,0
2653,17624,0
2654,13498,0
2655,13458,1
2656,31637,0
2657,32407,0
2658,1503,0
2659,11758,0
2660,29543,0
2661,15868,0
2662,29732,1
2663,5836,0
2664,12978,0
2665,2974,1
2666,6803,0
2667,22599,0
2668,7528,0
2669,26940,0
2670,2932,0
2671,6293,0
2672,20678,0
2673,22087,0
2674,22802,0
2675,17775,0
2676,30811,0
2677,27398,0
2678,32468,0
2679,21016,1
2680,17115,0
2681,21495,0
2682,24405,0
2683,18169,0
2684,21032,0
2685,11399,0
2686,1992,1
2687,8902,1
2688,28317,0
2689,24164,0
2690,22020,0
2691,14181,0
2692,5843,0
2693,25732,0
2694,26264,0
2695,19777,0
2696,550,0
2697,22128,0
2698,27099,0
2699,8413,0
2700,17219,0
2701,13525,0
2702,8439,0
2703,12741,0
2704,30399,1
2705,25205,0
2706,8870,0
2707,23330,0
2708,844,0
2709,32511,1
2710,31834,0
2711,17460,0
2712,18327,0
2713,21139,1
2714,28274,0
2715,20441,0
2716,25698,0
2717,28392,0
2718,24017,0
2719,20742,0
2720,29720,0
2721,21707,0
2722,20117,0
2723,1483,0
2724,18815,0
2725,12032,1
2726,20745,0
2727,323,0
2728,15241,0
2729,4165,0
2730,20489,1
2731,20090,0
2732,13766,1
2733,14583,0
2734,25175,0
2735,31157,0
2736,30799,0
2737,9845,0
2738,12854,0
2739,9842,0
2740,12738,0
2741,12599,0
2742,7267,0
2743,16976,0
2744,10656,0
2745,14495,0
2746,14499,0
2747,341,0
2748,19371,0
2749,17829,1
2750,5859,1
2751,16461,0
2752,5128,0
2753,18239,0
2754,11997,0
2755,15598,0
2756,18021,0
2757,6939,0
2758,4871,0
2759,833,0
2760,9800,0
2761,28806,0
2762,16686,1
2763,4913,0
2764,22682,1
2765,21337,0
2766,8478,0
2767,26902,0
2768,24397,0
2769,26314,0
2770,1508,0
2771,6983,0
2772,26932,0
2773,5595,0
2774,9536,0
2775,13214,0
2776,14509,0
2777,5332,0
2778,32077,0
2779,23180,0
2780,31400,0
2781,30786,0
2782,28833,0
2783,4867,0
2784,11558,0
2785,18124,0
2786,16490,0
2787,9159,1
2788,13845,0
2789,1457,0
2790,6169,0
2791,15411,0
2792,16404,0
2793,11146,0
2794,31888,0
2795,10990,0
2796,14070,1
2797,19927,0
2798,22385,0
2799,19673,0
2800,2142,1
2801,14216,0
2802,28794,0
2803,9427,1
2804,12680,0
2805,24755,1
2806,12690,0
2807,7792,0
2808,32190,0
2809,9152,0
2810,25919,0
2811,9685,0
2812,13103,0
2813,19408,1
2814,29342,0
2815,4794,0
2816,4246,0
2817,12645,0
2818,19772,0
2819,6912,0
2820,2280,0
2821,9920,0
2822,19513,0
2823,20228,0
2824,18401,0
2825,17979,0
2826,27790,0
2827,15509,0
2828,2561,1
2829,6,0
2830,3416,0
2831,13209,0
2832,618,1
2833,27793,0
2834,17341,0
2835,19634,0
2836,15827,0
2837,29197,0
2838,15452,1
2839,29589,0
2840,19995,0
2841,7241,0
2842,8124,0
2843,6604,0
2844,17255,0
2845,25011,0
2846,1994,1
2847,25982,0
2848,9202,1
2849,4547,0
2850,2867,1
2851,3047,1
2852,14143,1
2853,8241,0
2854,18421,0
2855,25024,0
2856,17960,0
2857,7780,0
2858,8510,1
2859,19762,0
2860,23341,0
2861,17579,0
2862,5187,0
2863,13315,0
2864,16011,0
2865,25764,1
2866,19992,0
2867,24389,0
2868,30414,0
2869,15097,0
2870,22343,0
2871,10959,0
2872,30891,0
2873,46,0
2874,4949,1
2875,26224,0
2876,24140,0
2877,14843,0
2878,26462,0
2879,2346,1
2880,1138,0
2881,24302,0
2882,19399,0
2883,18328,0
2884,26670,0
2885,24522,0
2886,19200,0
2887,15270,0
2888,6425,0
2889,4844,0
2890,20398,1
2891,3525,0
2892,15758,0
2893,12947,0
2894,27482,0
2895,3248,0
2896,10721,1
2897,14152,1
2898,6206,0
2899,14384,1
2900,31622,0
2901,10004,0
2902,20484,0
2903,11753,0
2904,24551,0
2905,24230,0
2906,12831,0
2907,22705,0
2908,29406,0
2909,9482,0
2910,8048,0
2911,27011,0
2912,18334,0
2913,28723,1
2914,8634,0
2915,16536,0
2916,30616,0
2917,12133,1
2918,30178,0
2919,15672,0
2920,30824,0
2921,17757,0
2922,28545,0
2923,9267,0
2924,22453,0
2925,31536,0
2926,10444,0
2927,16797,0
2928,15778,1
2929,878,1
2930,4216,0
2931,4189,0
2932,7094,0
2933,26204,0
2934,10359,0
2935,19153,0
2936,19649,1
2937,14050,0
2938,16467,0
2939,28382,0
2940,25300,0
2941,6267,0
2942,3547,0
2943,6596,0
2944,20282,0
2945,5746,0
2946,10319,0
2947,24576,0
2948,13011,0
2949,10855,0
2950,13702,0
2951,2393,1
2952,27669,0
2953,13712,0
2954,12340,0
2955,5199,1
2956,29930,0
2957,2958,1
2958,31663,0
2959,32534,0
2960,17687,0
2961,5038,0
2962,19548,0
2963,485,1
2964,27135,0
2965,26771,0
2966,17220,1
2967,12325,0
2968,1972,1
2969,200,0
2970,6909,0
2971,31117,0
2972,14351,0
2973,18524,0
2974,17281,0
2975,15742,0
2976,4105,0
2977,12848,0
2978,28994,0
2979,19592,0
2980,21487,0
2981,17423,1
2982,12980,1
2983,13153,0
2984,12830,0
2985,3829,0
2986,32138,0
2987,10719,0
2988,8351,0
2989,15365,1
2990,24595,0
2991,3058,1
2992,9430,0
2993,23598,0
2994,11988,1
2995,979,0
2996,3502,0
2997,18187,0
2998,12804,1
2999,27576,0
3000,16094,1
3001,28292,0
3002,1804,1
3003,16763,0
3004,26374,0
3005,12042,0
3006,13999,0
3007,10500,0
3008,13373,0
3009,23633,0
3010,9116,0
3011,30025,0
3012,20275,0
3013,8978,1
3014,19998,1
3015,397,0
3016,10811,0
3017,26596,0
3018,19704,1
3019,18195,0
3020,1575,0
3021,24334,1
3022,23260,0
3023,22446,0
3024,10665,1
3025,11766,1
3026,3108,0
3027,29590,0
3028,26532,0
3029,30521,0
3030,27354,1
3031,5477,0
3032,12193,0
3033,10873,0
3034,21789,0
3035,6211,1
3036,18872,0
3037,3834,0
3038,22964,0
3039,5155,0
3040,7113,0
3041,92,0
3042,10202,0
3043,31709,0
3044,8304,0
3045,31774,0
3046,5121,0
3047,20913,0
3048,25664,0
3049,927,0
3050,19080,0
3051,20634,1
3052,5886,0
3053,26804,0
3054,28892,0
3055,31820,0
3056,20885,0
3057,2325,0
3058,23350,0
3059,8317,0
3060,5407,0
3061,7339,0
3062,24263,0
3063,12526,0
3064,26798,0
3065,1190,0
3066,12689,0
3067,13868,1
3068,24047,0
3069,29879,0
3070,563,1
3071,24439,0
3072,22607,0
3073,8403,0
3074,22256,0
3075,19606,0
3076,12958,0
3077,4093,0
3078,14533,0
3079,12302,0
3080,31485,1
3081,20105,0
3082,351,1
3083,7555,0
3084,14768,0
3085,7721,0
3086,5705,0
3087,447,1
3088,3580,0
3089,16573,0
3090,16889,0
3091,22334,0
3092,19022,1
3093,7726,0
3094,11132,0
3095,24671,0
3096,18742,0
3097,2602,1
3098,28996,0
3099,28378,0
3100,29834,0
3101,17184,0
3102,31226,0
3103,13177,0
3104,4393,0
3105,28439,0
3106,31946,0
3107,12843,0
3108,16250,0
3109,22941,0
3110,11960,1
3111,27250,0
3112,13295,0
3113,3242,0
3114,20444,1
3115,12715,0
3116,15714,0
3117,11604,0
3118,18956,0
3119,15499,0
3120,8596,0
3121,1087,0
3122,21814,1
3123,27906,0
3124,10443,0
3125,5382,0
3126,31183,0
3127,14399,0
3128,24167,0
3129,14906,0
3130,5354,0
3131,4296,0
3132,27990,0
3133,13610,0
3134,25673,0
3135,14412,0
3136,27556,0
3137,14943,0
3138,1053,0
3139,14697,0
3140,17906,0
3141,13300,0
3142,8757,0
3143,8194,0
3144,25503,0
3145,20496,0
3146,20860,0
3147,6460,0
3148,31664,0
3149,28258,0
3150,6663,0
3151,25870,0
3152,16936,0
3153,15486,0
3154,21506,0
3155,22019,0
3156,28060,0
3157,9674,1
3158,99,1
3159,12499,0
3160,1402,0
3161,1676,1
3162,3448,0
3163,14807,0
3164,12953,0
3165,2789,1
3166,2617,1
3167,21353,0
3168,24130,0
3169,14222,0
3170,14862,0
3171,26129,0
3172,12272,0
3173,19752,0
3174,8801,0
3175,31891,0
3176,10305,0
3177,626,1
3178,16168,0
3179,5715,0
3180,10496,0
3181,11076,0
3182,21645,1
3183,11403,0
3184,13726,0
3185,14757,1
3186,28844,0
3187,2041,1
3188,12994,0
3189,5414,0
3190,12092,0
3191,3106,1
3192,21600,0
3193,8505,0
3194,6010,0
3195,19415,0
3196,11311,0
3197,7336,0
3198,23234,0
3199,4824,0
3200,3050,1
3201,20754,0
3202,21527,0
3203,23946,0
3204,30725,1
3205,5346,0
3206,506,1
3207,26551,0
3208,31976,0
3209,29459,1
3210,31424,0
3211,9183,0
3212,24514,0
3213,14962,0
3214,24482,1
3215,12286,1
3216,12063,0
3217,30317,0
3218,6753,0
3219,29692,0
3220,12505,0
3221,17566,0
3222,27686,0
3223,11081,0
3224,23068,1
3225,16113,0
3226,25943,0
3227,22243,0
3228,32536,0
3229,14942,0
3230,5503,0
3231,15145,0
3232,25602,0
3233,11897,0
3234,17957,0
3235,24628,0
3236,26816,0
3237,8211,0
3238,24943,0
3239,29507,0
3240,23515,0
3241,9976,0
3242,13643,0
3243,20355,0
3244,14569,0
3245,19351,0
3246,9997,0
3247,26635,0
3248,27947,0
3249,26756,0
3250,14742,0
3251,5979,0
3252,22818,0
3253,31162,0
3254,22336,0
3255,24318,0
3256,24396,0
3257,25667,0
3258,20042,0
3259,2952,1
3260,10507,0
3261,29695,0
3262,16656,0
3263,27269,0
3264,15832,0
3265,24076,1
3266,17001,1
3267,5554,0
3268,31572,0
3269,17628,0
3270,2084,1
3271,28033,0
3272,16677,0
3273,27079,0
3274,17842,0
3275,9682,0
3276,6830,0
3277,16747,1
3278,25087,0
3279,27114,0
3280,5653,0
3281,27558,0
3282,3445,0
3283,15211,0
3284,18310,0
3285,10099,0
3286,5236,0
3287,17411,0
3288,14458,0
3289,9902,0
3290,20388,0
3291,13874,0
3292,4962,1
3293,9539,1
3294,21612,0
3295,28266,0
3296,24753,0
3297,12922,0
3298,31031,0
3299,344,0
3300,9403,0
3301,15807,0
3302,963,0
3303,29814,0
3304,9396,0
3305,2323,0
3306,4404,0
3307,12618,0
3308,2009,1
3309,11965,0
3310,16084,0
3311,28528,0
3312,13836,0
3313,15188,0
3314,25734,0
3315,4672,0
3316,22416,0
3317,5742,1
3318,18370,0
3319,29706,0
3320,13678,0
3321,13196,0
3322,23734,0
3323,1045,0
3324,464,1
3325,22878,0
3326,1131,1
3327,12403,0
3328,7317,0
3329,5018,0
3330,9406,0
3331,24877,1
3332,5731,0
3333,18373,0
3334,16062,0
3335,12493,0
3336,14695,0
3337,1396,0
3338,8966,0
3339,21238,0
3340,24296,0
3341,27499,0
3342,1215,0
3343,23156,0
3344,26721,0
3345,16296,0
3346,3745,1
3347,12799,0
3348,31287,0
3349,17781,0
3350,4810,0
3351,28882,0
3352,12568,0
3353,14337,0
3354,24915,0
3355,27063,1
3356,23098,0
3357,2898,1
3358,15344,0
3359,664,1
3360,14684,0
3361,8492,0
3362,14460,0
3363,27568,0
3364,21332,0
3365,2533,1
3366,19823,0
3367,13713,0
3368,25724,0
3369,5377,0
3370,26783,0
3371,10746,0
3372,10783,0
3373,4569,0
3374,6072,0
3375,13559,0
3376,27176,0
3377,25976,0
3378,21406,0
3379,20653,0
3380,2943,1
3381,29110,0
3382,15986,0
3383,2404,1
3384,27978,1
3385,12710,0
3386,23686,0
3387,1448,0
3388,10941,0
3389,7751,0
3390,22869,0
3391,16570,0
3392,19721,0
3393,27606,0
3394,24281,0
3395,25601,0
3396,23378,0
3397,20387,0
3398,17077,0
3399,18785,0
3400,1450,0
3401,14654,0
3402,2718,1
3403,4339,0
3404,28429,0
3405,15687,1
3406,2918,1
3407,26651,0
3408,21622,0
3409,30789,0
3410,22131,0
3411,5697,0
3412,16893,0
3413,7671,0
3414,12157,0
3415,26729,0
3416,13691,0
3417,28070,0
3418,21159,0
3419,26252,1
3420,30084,0
3421,17403,0
3422,21069,0
3423,20856,0
3424,32011,0
3425,10385,1
3426,13181,0
3427,2525,1
3428,2405,1
3429,15617,0
3430,6424,0
3431,8618,0
3432,9185,0
3433,31475,0
3434,14658,0
3435,852,1
3436,26766,0
3437,5218,0
3438,13449,0
3439,5100,0
3440,2236,1
3441,4955,0
3442,25978,0
3443,11806,0
3444,25787,1
3445,15947,0
3446,18930,0
3447,5115,0
3448,19326,0
3449,17250,1
3450,21502,0
3451,4034,0
3452,2281,0
3453,3318,0
3454,18406,0
3455,25132,0
3456,28901,1
3457,23126,0
3458,27414,0
3459,3929,1
3460,21803,0
3461,6759,0
3462,13075,0
3463,12551,0
3464,23886,0
3465,20328,0
3466,14727,0
3467,23651,0
3468,13655,0
3469,1012,0
3470,11845,0
3471,15370,0
3472,21812,0
3473,312,0
3474,10347,0
3475,7745,0
3476,24691,0
3477,20136,0
3478,6896,0
3479,26746,0
3480,30767,0
3481,22235,0
3482,16088,0
3483,3100,0
3484,31757,0
3485,21320,0
3486,474,1
3487,13008,0
3488,29444,0
3489,18846,0
3490,19343,0
3491,18409,0
3492,18808,0
3493,11482,0
3494,32230,0
3495,6676,0
3496,13185,0
3497,20755,0
3498,29889,1
3499,775,1
3500,1047,0
3501,20220,0
3502,11769,0
3503,30130,0
3504,2318,0
3505,16594,0
3506,8665,1
3507,29352,0
3508,7594,0
3509,11074,0
3510,22312,0
3511,6334,0
3512,29752,0
3513,9295,0
3514,5081,0
3515,17626,0
3516,25655,0
3517,27506,0
3518,14581,0
3519,13544,0
3520,16853,0
3521,7516,0
3522,24961,1
3523,3027,1
3524,4847,0
3525,14405,0
3526,31022,0
3527,3735,0
3528,10439,0
3529,15420,0
3530,674,1
3531,22701,0
3532,9517,0
3533,30163,0
3534,23044,0
3535,17048,1
3536,16744,0
3537,31851,0
3538,2222,0
3539,20998,0
3540,3077,1
3541,2907,1
3542,18862,0
3543,8615,0
3544,2819,1
3545,9071,0
3546,2571,1
3547,13195,0
3548,24963,0
3549,32073,0
3550,18331,0
3551,6594,0
3552,7204,0
3553,32495,0
3554,3425,1
3555,26232,0
3556,15917,0
3557,23535,0
3558,1302,0
3559,12957,1
3560,24084,0
3561,16190,0
3562,29253,0
3563,2541,1
3564,14344,0
3565,8283,1
3566,7467,0
3567,14689,0
3568,22753,0
3569,30847,0
3570,8477,0
3571,31894,1
3572,10543,0
3573,22030,0
3574,30513,1
3575,11858,0
3576,3594,0
3577,3474,0
3578,16730,0
3579,26785,0
3580,6797,0
3581,19757,1
3582,1738,1
3583,27609,0
3584,3949,0
3585,12506,1
3586,26953,0
3587,21983,1
3588,29962,0
3589,22150,0
3590,20507,0
3591,16403,1
3592,26126,0
3593,7112,0
3594,9771,0
3595,4706,0
3596,3473,0
3597,11860,0
3598,19807,1
3599,30782,0
3600,18893,0
3601,15018,0
3602,4143,0
3603,13217,0
3604,19474,1
3605,26488,0
3606,2457,1
3607,1276,0
3608,9469,0
3609,8240,0
3610,22822,0
3611,8454,0
3612,15009,0
3613,21397,0
3614,11733,0
3615,23134,0
3616,16761,0
3617,1482,0
3618,5910,1
3619,872,0
3620,9507,0
3621,18536,0
3622,3349,0
3623,14682,0
3624,22929,0
3625,28208,0
3626,17230,0
3627,1453,0
3628,3707,0
3629,13332,0
3630,16287,0
3631,25588,0
3632,21757,0
3633,15067,0
3634,30258,1
3635,10322,0
3636,11807,0
3637,23751,0
3638,20134,0
3639,13468,0
3640,10718,0
3641,18419,0
3642,8489,0
3643,1640,1
3644,8028,0
3645,15189,0
3646,18484,0
3647,20692,0
3648,17203,0
3649,4305,0
3650,8119,0
3651,12148,0
3652,5461,0
3653,31336,0
3654,13912,1
3655,25386,0
3656,25937,0
3657,14223,0
3658,24906,0
3659,17969,0
3660,13577,0
3661,32053,0
3662,21046,0
3663,29568,0
3664,6902,1
3665,31598,0
3666,16597,0
3667,15727,0
3668,831,1
3669,17388,1
3670,866,1
3671,25514,0
3672,33,0
3673,9084,1
3674,21873,0
3675,19696,0
3676,19793,0
3677,18359,0
3678,6328,0
3679,29379,0
3680,16621,0
3681,4156,0
3682,3394,0
3683,24836,0
3684,3455,0
3685,274,0
3686,31701,1
3687,8318,0
3688,27791,0
3689,6263,0
3690,7563,0
3691,2767,1
3692,11685,0
3693,29812,0
3694,14827,0
3695,27185,0
3696,6216,0
3697,15841,1
3698,8072,0
3699,16750,0
3700,12739,0
3701,23592,0
3702,26865,1
3703,15550,0
3704,25763,0
3705,17462,0
3706,30376,0
3707,17242,0
3708,11121,0
3709,3045,1
3710,23718,0
3711,27641,0
3712,26453,1
3713,20697,0
3714,20571,0
3715,19165,0
3716,20289,0
3717,31341,0
3718,16773,0
3719,28193,0
3720,29841,0
3721,29526,0
3722,7539,0
3723,19015,0
3724,29050,0
3725,3063,1
3726,6151,0
3727,27241,0
3728,31348,0
3729,18072,0
3730,20274,0
3731,22940,0
3732,31787,0
3733,23637,0
3734,3922,0
3735,29120,0
3736,16987,0
3737,32375,0
3738,17324,0
3739,8013,0
3740,8890,1
3741,15508,0
3742,8914,0
3743,2635,1
3744,1411,1
3745,6925,0
3746,11818,0
3747,18791,0
3748,9778,0
3749,3023,1
3750,27869,0
3751,16813,0
3752,30809,0
3753,11911,0
3754,19920,0
3755,19560,0
3756,5803,0
3757,14664,0
3758,14283,0
3759,19400,0
3760,3698,1
3761,5501,0
3762,27095,0
3763,939,0
3764,7908,0
3765,24518,0
3766,10643,0
3767,19217,0
3768,2585,1
3769,27692,1
3770,30777,0
3771,4890,1
3772,5720,0
3773,2949,1
3774,11387,0
3775,3230,0
3776,29519,0
3777,19514,0
3778,15397,0
3779,31576,0
3780,4308,0
3781,18575,0
3782,3938,0
3783,8331,0
3784,11306,0
3785,7924,1
3786,3256,0
3787,10630,0
3788,30288,0
3789,31083,0
3790,29172,0
3791,25346,0
3792,4241,0
3793,776,1
3794,480,0
3795,25858,0
3796,19789,0
3797,15076,0
3798,911,0
3799,19736,0
3800,28756,0
3801,22098,0
3802,2982,0
3803,17978,0
3804,1388,1
3805,22188,0
3806,5780,0
3807,14822,1
3808,28480,0
3809,1698,0
3810,19126,0
3811,30381,0
3812,4201,0
3813,3441,0
3814,24083,0
3815,8866,0
3816,11592,0
3817,17104,0
3818,27457,1
3819,20598,1
3820,12480,0
3821,15468,0
3822,811,1
3823,25271,0
3824,5225,0
3825,15107,0
3826,5422,0
3827,3056,1
3828,28799,0
3829,6003,0
3830,32130,0
3831,15933,0
3832,24561,0
3833,13759,0
3834,17215,0
3835,1103,0
3836,15556,0
3837,2947,1
3838,18954,1
3839,4061,0
3840,26594,0
3841,12267,0
3842,5094,0
3843,4285,0
3844,7152,0
3845,13875,0
3846,10045,0
3847,15477,0
3848,28331,0
3849,16024,0
3850,1475,0
3851,14242,0
3852,30442,1
3853,29107,0
3854,13742,0
3855,9838,0
3856,5894,0
3857,27196,0
3858,8145,0
3859,13593,0
3860,20255,0
3861,12014,0
3862,8101,0
3863,3858,0
3864,30454,0
3865,1434,1
3866,12022,0
3867,19759,1
3868,6562,0
3869,15885,0
3870,29850,0
3871,5915,0
3872,27340,0
3873,4932,0
3874,8440,0
3875,1590,1
3876,30244,0
3877,2633,1
3878,29673,0
3879,4756,0
3880,7889,0
3881,25210,0
3882,10408,0
3883,9672,0
3884,1834,1
3885,20553,0
3886,5403,0
3887,24432,0
3888,19274,0
3889,22247,0
3890,26058,0
3891,5035,0
3892,2492,1
3893,32108,0
3894,11815,0
3895,2342,1
3896,18516,0
3897,22898,0
3898,24499,0
3899,31252,0
3900,31421,0
3901,28056,0
3902,22944,0
3903,31174,0
3904,14204,0
3905,5683,0
3906,19746,0
3907,25214,1
3908,18192,0
3909,8742,1
3910,15980,0
3911,26830,0
3912,25286,0
3913,11144,0
3914,15543,0
3915,30420,0
3916,17549,0
3917,8895,0
3918,3509,0
3919,10075,0
3920,11195,0
3921,13681,0
3922,22507,1
3923,3202,0
3924,9192,0
3925,16793,0
3926,5640,0
3927,30978,0
3928,9090,0
3929,16278,0
3930,10263,1
3931,3410,0
3932,2467,1
3933,19537,0
3934,26426,0
3935,17893,0
3936,8710,0
3937,6904,1
3938,22891,0
3939,17243,0
3940,22519,0
3941,12354,1
3942,2012,1
3943,26892,1
3944,4688,0
3945,13002,0
3946,13720,0
3947,6024,1
3948,8591,0
3949,7047,0
3950,8763,0
3951,16124,0
3952,3761,0
3953,10963,0
3954,9153,0
3955,27184,0
3956,14180,0
3957,27166,0
3958,4596,0
3959,17852,0
3960,21489,0
3961,30266,0
3962,27550,0
3963,19458,0
3964,30676,0
3965,19908,1
3966,11056,0
3967,17963,0
3968,8285,0
3969,3694,1
3970,9125,0
3971,3588,0
3972,14872,0
3973,28586,0
3974,6224,0
3975,1661,0
3976,23755,0
3977,23844,0
3978,2950,1
3979,2714,1
3980,3638,0
3981,17808,0
3982,27438,0
3983,27054,0
3984,17185,0
3985,15058,0
3986,24496,0
3987,25433,0
3988,14994,1
3989,19542,0
3990,2992,1
3991,1937,1
3992,8971,0
3993,14386,0
3994,23449,0
3995,10549,0
3996,16183,1
3997,6934,1
3998,13633,0
3999,10689,0
4000,22434,0
4001,1346,0
4002,1282,0
4003,3510,0
4004,19138,0
4005,2310,1
4006,3518,0
4007,3706,0
4008,22007,0
4009,19620,0
4010,21658,0
4011,17661,1
4012,32277,0
4013,28893,1
4014,32054,0
4015,2442,1
4016,5453,0
4017,1395,0
4018,21830,0
4019,7341,0
4020,8087,0
4021,30092,0
4022,31213,0
4023,451,1
4024,22546,0
4025,32263,0
4026,52,0
4027,6291,0
4028,19078,0
4029,10157,0
4030,8037,0
4031,15130,0
4032,25723,0
4033,12056,0
4034,9362,0
4035,3928,0
4036,18963,1
4037,3463,0
4038,7305,0
4039,15939,0
4040,14804,0
4041,31243,0
4042,16851,0
4043,7553,0
4044,12230,0
4045,2929,1
4046,10879,0
4047,6480,1
4048,31309,0
4049,24859,1
4050,9574,1
4051,10470,0
4052,7731,0
4053,16420,0
4054,10926,0
4055,19260,1
4056,21648,0
4057,15080,0
4058,31781,0
4059,12054,0
4060,10413,0
4061,5195,0
4062,24237,1
4063,22870,0
4064,2904,1
4065,24586,0
4066,501,0
4067,30122,0
4068,12220,0
4069,16960,0
4070,18796,0
4071,21090,0
4072,20809,0
4073,15274,0
4074,31110,0
4075,23235,0
4076,6631,0
4077,16596,0
4078,28252,0
4079,15606,0
4080,9876,0
4081,30698,0
4082,2029,1
4083,24601,0
4084,12353,0
4085,8570,0
4086,30426,0
4087,12518,0
4088,21284,0
4089,9331,0
4090,27871,0
4091,9162,0
4092,21152,0
4093,13551,0
4094,9418,0
4095,30319,0
4096,28569,0
4097,22472,0
4098,27194,0
4099,8929,0
4100,4408,0
4101,9391,0
4102,12339,0
4103,21652,0
4104,19887,1
4105,24739,0
4106,10125,0
4107,27190,0
4108,8407,0
4109,10462,0
4110,17306,1
4111,15122,0
4112,28827,0
4113,32041,0
4114,18009,0
4115,6867,0
4116,8516,0
4117,19828,0
4118,28354,0
4119,28390,0
4120,6087,0
4121,22513,0
4122,14413,0
4123,31327,0
4124,4584,0
4125,7986,0
4126,1182,0
4127,3222,0
4128,20984,0
4129,18571,1
4130,22654,0
4131,16486,0
4132,3265,0
4133,15495,0
4134,11732,0
4135,29147,1
4136,11974,0
4137,6994,0
4138,17433,0
4139,26306,0
4140,30115,0
4141,27740,0
4142,5096,0
4143,4220,0
4144,11909,0
4145,11591,0
4146,6633,0
4147,15878,0
4148,100,1
4149,27708,0
4150,7155,0
4151,2207,0
4152,20455,0
4153,5068,0
4154,7793,0
4155,31761,0
4156,3254,0
4157,20941,1
4158,14471,0
4159,31505,0
4160,22004,0
4161,9419,1
4162,22773,0
4163,12827,0
4164,23163,0
4165,17803,0
4166,25541,0
4167,21303,1
4168,9992,0
4169,22364,0
4170,27126,0
4171,26111,0
4172,14620,0
4173,6836,0
4174,21269,1
4175,29999,0
4176,8762,0
4177,7353,0
4178,22121,0
4179,22894,0
4180,22324,0
4181,16255,0
4182,2676,1
4183,2070,1
4184,32266,0
4185,25874,0
4186,6126,0
4187,25385,1
4188,23024,0
4189,23160,0
4190,23357,0
4191,22586,0
4192,8442,0
4193,30712,0
4194,789,0
4195,24403,0
4196,20087,1
4197,9826,0
4198,31111,0
4199,24923,0
4200,19562,0
4201,9918,0
4202,2061,1
4203,19837,0
4204,28574,0
4205,29239,0
4206,7012,0
4207,8047,0
4208,1966,1
4209,280,0
4210,7606,0
4211,18081,0
4212,1690,0
4213,12865,0
4214,7495,0
4215,29041,0
4216,2043,1
4217,29857,0
4218,30385,0
4219,28580,0
4220,21018,0
4221,16297,0
4222,22827,0
4223,23191,0
4224,9363,0
4225,14307,1
4226,879,0
4227,30512,1
4228,18759,0
4229,22389,0
4230,10935,0
4231,22458,0
4232,5987,0
4233,23189,0
4234,20557,0
4235,1569,1
4236,19196,0
4237,6108,0
4238,9086,0
4239,17925,0
4240,22130,0
4241,23194,0
4242,13933,0
4243,30659,0
4244,27403,0
4245,5841,0
4246,14584,0
4247,1266,0
4248,25779,0
4249,11791,0
4250,24193,0
4251,24020,0
4252,23855,0
4253,21052,1
4254,7755,0
4255,2227,0
4256,5040,0
4257,1962,1
4258,16660,0
4259,30714,0
4260,10670,1
4261,5001,0
4262,14612,0
4263,16317,1
4264,17404,0
4265,17446,0
4266,121,1
4267,18762,0
4268,6888,0
4269,15922,0
4270,5638,0
4271,24094,1
4272,9473,0
4273,4659,0
4274,6502,0
4275,19753,0
4276,5107,0
4277,21900,0
4278,4475,1
4279,18568,0
4280,9212,0
4281,2398,1
4282,3842,0
4283,29965,0
4284,31578,1
4285,3585,0
4286,25868,0
4287,24914,0
4288,9098,0
4289,10227,0
4290,334,0
4291,13497,0
4292,15396,0
4293,13710,0
4294,32374,0
4295,5647,0
4296,27335,0
4297,19703,0
4298,8511,0
4299,4520,0
4300,5191,0
4301,15907,0
4302,14480,0
4303,29298,0
4304,4206,0
4305,11783,1
4306,18095,0
4307,15503,0
4308,11768,0
4309,15071,0
4310,27316,1
4311,16315,0
4312,32295,0
4313,29060,0
4314,30563,0
4315,22883,0
4316,24411,0
4317,13413,0
4318,29457,0
4319,23338,0
4320,15786,0
4321,27719,0
4322,22584,0
4323,657,0
4324,23041,0
4325,18210,0
4326,9240,0
4327,24093,0
4328,5678,0
4329,15026,0
4330,993,0
4331,943,1
4332,15661,0
4333,21399,0
4334,31876,0
4335,22294,0
4336,8485,0
4337,27602,0
4338,7571,0
4339,25333,0
4340,10968,0
4341,19699,0
4342,15117,0
4343,21512,0
4344,26389,0
4345,22768,0
4346,22703,0
4347,7451,0
4348,30359,0
4349,905,0
4350,5623,1
4351,20168,0
4352,32267,1
4353,29360,0
4354,21218,0
4355,25665,0
4356,7212,0
4357,21850,0
4358,7503,1
4359,11746,0
4360,11378,0
4361,23912,0
4362,26205,0
4363,3322,1
4364,7893,0
4365,18962,0
4366,7474,0
4367,14177,0
4368,19328,0
4369,30884,0
4370,6204,0
4371,11838,0
4372,26675,0
4373,27986,0
4374,5133,0
4375,9579,0
4376,15102,0
4377,30153,0
4378,26579,0
4379,21901,0
4380,4028,0
4381,24180,0
4382,25918,0
4383,5863,0
4384,21343,0
4385,6067,0
4386,21455,0
4387,13950,0
4388,12023,1
4389,18253,0
4390,15024,0
4391,27060,0
4392,20635,0
4393,22106,0
4394,13243,1
4395,17712,0
4396,7826,0
4397,16580,1
4398,7414,0
4399,10011,0
4400,7091,0
4401,8713,0
4402,26151,0
4403,32256,0
4404,18487,0
4405,11004,0
4406,3172,0
4407,31866,1
4408,16411,0
4409,14829,0
4410,17142,0
4411,3769,0
4412,21790,0
4413,10840,0
4414,8958,0
4415,14957,0
4416,21130,0
4417,19969,0
4418,24893,1
4419,27747,0
4420,12567,0
4421,7981,0
4422,28600,0
4423,12066,0
4424,22796,0
4425,22492,0
4426,21674,0
4427,31748,0
4428,6316,0
4429,2664,1
4430,10709,0
4431,30270,0
4432,18367,0
4433,30643,0
4434,5754,0
4435,3826,0
4436,2508,1
4437,596,0
4438,19017,0
4439,17571,0
4440,26710,0
4441,32471,0
4442,10761,0
4443,21578,0
4444,19505,1
4445,31819,1
4446,30180,0
4447,25455,0
4448,10168,0
4449,288,1
4450,29955,0
4451,13685,0
4452,30024,1
4453,3492,0
4454,26874,0
4455,32443,0
4456,13141,0
4457,4217,0
4458,4469,0
4459,16949,0
4460,3848,0
4461,4819,0
4462,12800,0
4463,29084,1
4464,23670,0
4465,16366,0
4466,26941,0
4467,12441,0
4468,19467,0
4469,5221,0
4470,10914,0
4471,22572,0
4472,21854,1
4473,5627,1
4474,12244,0
4475,28614,0
4476,702,0
4477,15427,0
4478,26072,0
4479,343,0
4480,32382,0
4481,4070,0
4482,4149,0
4483,912,0
4484,31840,0
4485,7722,0
4486,26013,0
4487,26326,0
4488,14094,0
4489,14630,0
4490,1035,0
4491,27019,0
4492,14729,0
4493,12139,0
4494,8,0
4495,23434,0
4496,31238,0
4497,31797,0
4498,11717,0
4499,8340,0
4500,16697,0
4501,32306,0
4502,11680,0
4503,11702,0
4504,22650,0
4505,11879,0
4506,27366,0
4507,14000,0
4508,17950,0
4509,25964,0
4510,30026,0
4511,1680,0
4512,18859,1
4513,28630,0
4514,22936,0
4515,15895,0
4516,30389,0
4517,15218,0
4518,4641,0
4519,651,1
4520,17240,0
4521,30100,0
4522,12774,0
4523,31217,0
4524,715,1
4525,24088,0
4526,13063,1
4527,23307,0
4528,26600,0
4529,29339,0
4530,32001,0
4531,21608,0
4532,26861,0
4533,12681,0
4534,5556,1
4535,16270,0
4536,29865,0
4537,10835,0
4538,19051,0
4539,28123,0
4540,28733,0
4541,21156,1
4542,718,0
4543,16801,0
4544,30755,0
4545,23645,0
4546,27488,0
4547,13957,1
4548,24584,0
4549,7840,0
4550,25287,0
4551,4282,0
4552,5908,1
4553,18396,0
4554,27773,0
4555,5500,0
4556,5304,0
4557,20613,0
4558,3488,0
4559,8960,0
4560,7178,0
4561,5220,0
4562,6039,0
4563,11809,1
4564,29269,0
4565,26867,0
4566,16822,0
4567,7442,0
4568,11942,1
4569,12405,0
4570,26528,1
4571,22530,0
4572,12266,0
4573,10406,0
4574,10122,0
4575,26509,0
4576,26260,0
4577,15541,0
4578,12381,0
4579,18637,0
4580,30335,0
4581,27603,0
4582,24780,0
4583,32389,0
4584,29334,0
4585,22819,0
4586,12024,0
4587,16463,0
4588,5553,0
4589,6271,0
4590,5165,0
4591,29022,1
4592,12711,0
4593,4424,0
4594,199,0
4595,23444,0
4596,9397,0
4597,8880,0
4598,7901,0
4599,30675,0
4600,28522,0
4601,28359,0
4602,20241,0
4603,9112,0
4604,30713,0
4605,16115,0
4606,21903,0
4607,9480,0
4608,3799,1
4609,18355,0
4610,19032,0
4611,24235,0
4612,6857,0
4613,15558,0
4614,14236,0
4615,346,0
4616,1945,1
4617,31496,0
4618,16912,0
4619,24931,0
4620,16444,1
4621,22293,0
4622,19822,1
4623,13707,0
4624,9707,0
4625,16045,0
4626,1414,1
4627,31854,0
4628,30293,0
4629,29801,0
4630,19966,0
4631,27858,0
4632,19701,0
4633,26118,0
4634,18612,0
4635,10527,0
4636,14950,0
4637,31930,0
4638,144,0
4639,12862,0
4640,26655,0
4641,1050,0
4642,19698,0
4643,17827,0
4644,31026,0
4645,1512,0
4646,13499,0
4647,24261,0
4648,3064,1
4649,7576,0
4650,11011,0
4651,16971,0
4652,19429,0
4653,1818,1
4654,6951,1
4655,18267,0
4656,8040,0
4657,19365,0
4658,22080,0
4659,24939,0
4660,15297,0
4661,19952,1
4662,18789,1
4663,15391,0
4664,26093,0
4665,20066,0
4666,20419,0
4667,31484,0
4668,19482,0
4669,5383,0
4670,31839,1
4671,7757,0
4672,5478,0
4673,4115,0
4674,18940,0
4675,30585,0
4676,11869,0
4677,29268,0
4678,19794,0
4679,26411,0
4680,12667,0
4681,5532,0
4682,25545,0
4683,24612,1
4684,25653,0
4685,23794,0
4686,16143,0
4687,24117,0
4688,13360,1
4689,10078,0
4690,28471,0
4691,31205,0
4692,15801,0
4693,4894,0
4694,18790,0
4695,9434,0
4696,13457,0
4697,12200,0
4698,32438,0
4699,4665,0
4700,29713,0
4701,4783,0
4702,7542,0
4703,11321,1
4704,21946,0
4705,8341,0
4706,20122,0
4707,14898,0
4708,4037,0
4709,30331,0
4710,28492,1
4711,21992,0
4712,8090,0
4713,12152,0
4714,26473,0
4715,18780,1
4716,7481,0
4717,30135,0
4718,30339,1
4719,28017,0
4720,1771,1
4721,28453,0
4722,18486,0
4723,8288,0
4724,24069,0
4725,2136,1
4726,10132,0
4727,11342,0
4728,29171,1
4729,9534,0
4730,8238,0
4731,10368,1
4732,9433,0
4733,27867,0
4734,26032,0
4735,31860,0
4736,15782,0
4737,16745,0
4738,11335,0
4739,6419,0
4740,10289,0
4741,4203,0
4742,10969,0
4743,31682,0
4744,28079,0
4745,261,0
4746,31401,0
4747,19085,0
4748,10688,0
4749,9646,0
4750,25708,0
4751,25240,0
4752,10624,0
4753,7880,0
4754,21412,0
4755,26695,1
4756,22527,1
4757,20177,0
4758,11932,0
4759,656,1
4760,27548,0
4761,17470,0
4762,24539,0
4763,31249,0
4764,27981,0
4765,21011,0
4766,31492,0
4767,17523,0
4768,30549,0
4769,32377,0
4770,18804,0
4771,20887,0
4772,3532,0
4773,6708,0
4774,1444,0
4775,8121,0
4776,2901,1
4777,15288,0
4778,30489,0
4779,4845,0
4780,14928,0
4781,11044,0
4782,9477,0
4783,24790,0
4784,23254,0
4785,21287,0
4786,3128,1
4787,3634,0
4788,5219,0
4789,23871,0
4790,12687,0
4791,7472,0
4792,2334,0
4793,1489,0
4794,11511,0
4795,14192,0
4796,17329,0
4797,1851,1
4798,11015,0
4799,1366,0
4800,24444,0
4801,24592,0
4802,5980,0
4803,18905,0
4804,13259,0
4805,25414,0
4806,21265,0
4807,12578,0
4808,21456,0
4809,10397,0
4810,28098,0
4811,12085,0
4812,4256,0
4813,24609,0
4814,7388,0
4815,9704,0
4816,367,1
4817,30200,0
4818,8628,0
4819,22090,0
4820,5763,1
4821,27007,0
4822,127,0
4823,22068,0
4824,11570,0
4825,20315,1
4826,30930,0
4827,11355,0
4828,32391,0
4829,25986,0
4830,456,0
4831,13651,0
4832,31257,0
4833,22555,0
4834,14526,0
4835,1805,1
4836,30,0
4837,23286,0
4838,4468,0
4839,31046,0
4840,21624,1
4841,3162,0
4842,3498,0
4843,29508,0
4844,4970,0
4845,14668,0
4846,6814,0
4847,16313,0
4848,13477,0
4849,15724,0
4850,19221,1
4851,10054,0
4852,14261,0
4853,21867,0
4854,25182,0
4855,25306,0
4856,16757,0
4857,10353,0
4858,9056,0
4859,16900,0
4860,13552,0
4861,19397,0
4862,28684,0
4863,9887,0
4864,6742,0
4865,12959,0
4866,10906,0
4867,536,1
4868,12151,0
4869,14420,0
4870,3778,0
4871,15311,0
4872,29805,0
4873,7438,0
4874,15793,0
4875,24585,0
4876,19468,0
4877,7554,0
4878,25076,0
4879,9731,0
4880,25258,0
